<?xml version="1.0" encoding="UTF-8"?>
<!DOCTYPE log4j:configuration SYSTEM "log4j.dtd">
<log4j:configuration xmlns:log4j="http://jakarta.apache.org/log4j/">
    <appender name="STDOUT" class="org.apache.log4j.ConsoleAppender">
       <layout class="org.apache.log4j.PatternLayout">
        	<param name="ConversionPattern" value="%d{ABSOLUTE} %5p %c{1}:%L - %m%n" />
        </layout>
        <filter class="org.apache.log4j.varia.LevelRangeFilter">
            <param name="LevelMin" value="INFO" />
        </filter>   
    </appender>
    <appender name="ERROR" class="org.apache.log4j.DailyRollingFileAppender">
        <param name="File" value="logs/shop-error.log"/>
        <param name="Append" value="true"/>
        <layout class="org.apache.log4j.PatternLayout">
        	<param name="ConversionPattern" value="%d{ABSOLUTE} %5p %c{1}:%L - %m%n" />
        </layout>
        <filter class="org.apache.log4j.varia.LevelRangeFilter">
            <param name="LevelMin" value="ERROR" />
        </filter>      
    </appender>
    <appender name="INFO" class="org.apache.log4j.DailyRollingFileAppender">
        <param name="File" value="logs/shop-info.log"/>
        <param name="Append" value="true"/>
        <layout class="org.apache.log4j.PatternLayout">
        	<param name="ConversionPattern" value="%d{ABSOLUTE} %5p %c{1}:%L - %m%n" />
        </layout>
        <filter class="org.apache.log4j.varia.LevelRangeFilter">
            <param name="LevelMin" value="INFO" />
        </filter>      
    </appender>
    <root>
        <appender-ref ref="STDOUT"/>
      <!--<appender-ref ref="ERROR"/>
        <appender-ref ref="INFO"/>      -->
    </root>
</log4j:configuration>